NACA,Alpha,CL,CD,CDp,CM,Top_Xtr,Bot_Xtr
1,0,-0.0001,0.01005,8.00E-05,0,0.0133,0.0133
1,3,0.328,0.02089,0.01564,0.0046,0.0049,1
1,4,0.4405,0.03197,0.0279,0.0045,0.004,1
1,5,0.5503,0.04768,0.04456,-0.001,0.0045,1
1,6,0.647,0.06709,0.06453,-0.0156,0.0055,1
11,0,0,0.00607,0.00209,0,0.8467,0.8468
11,1,0.1027,0.00636,0.0022,0.004,0.7432,0.9216
11,2,0.2228,0.00711,0.0025,0.0035,0.6138,0.9648
11,3,0.37,0.00811,0.00289,-0.004,0.4551,0.9856
11,4,0.5209,0.00933,0.00341,-0.0132,0.2766,1
11,5,0.6108,0.01064,0.00412,-0.0099,0.1454,1
11,6,0.6973,0.01219,0.00534,-0.0055,0.0767,1
11,7,0.7832,0.01387,0.00699,-0.0008,0.0516,1
11,8,0.8655,0.01618,0.00935,0.0042,0.0392,1
11,9,0.9494,0.01874,0.01208,0.0085,0.032,1
11,10,1.0276,0.02227,0.01581,0.0129,0.0273,1
21,0,0,0.00973,0.00352,0,0.5865,0.5865
21,1,0.1033,0.0098,0.00357,0.0022,0.536,0.6393
21,2,0.2057,0.00995,0.00376,0.0046,0.4878,0.6935
21,3,0.308,0.01021,0.00407,0.007,0.442,0.7495
21,4,0.4094,0.0106,0.00453,0.0096,0.398,0.8039
21,5,0.5085,0.01118,0.00516,0.0127,0.3557,0.8555
21,6,0.6032,0.01199,0.00595,0.0165,0.3157,0.9024
21,7,0.6958,0.01307,0.00697,0.0206,0.278,0.9418
21,8,0.812,0.01456,0.00833,0.0191,0.24,0.9669
21,9,0.9465,0.01642,0.01001,0.0127,0.2034,0.9824
31,0,0,0.01349,0.00629,0,0.4936,0.4936
31,1,0.0718,0.01353,0.00633,0.0077,0.4673,0.5214
31,2,0.1387,0.01361,0.00643,0.0162,0.4426,0.551
31,3,0.2055,0.01382,0.00667,0.0245,0.4195,0.5826
31,4,0.2822,0.01423,0.00715,0.0305,0.3974,0.6166
31,5,0.3612,0.0148,0.00786,0.0356,0.3762,0.6543
31,7,0.5187,0.01666,0.00998,0.0444,0.3365,0.7383
31,8,0.5939,0.01803,0.01152,0.0485,0.318,0.7845
31,9,0.6646,0.01981,0.01347,0.0526,0.3005,0.8336
31,10,0.7287,0.02207,0.0159,0.0572,0.284,0.8839
101,0,-0.0001,0.01005,8.00E-05,0,0.0133,0.0133
101,3,0.328,0.02089,0.01564,0.0046,0.0049,1
101,4,0.4405,0.03197,0.0279,0.0045,0.004,1
101,5,0.5503,0.04768,0.04456,-0.001,0.0045,1
101,6,0.647,0.06709,0.06453,-0.0156,0.0055,1
111,0,0,0.00607,0.00209,0,0.8467,0.8468
111,1,0.1027,0.00636,0.0022,0.004,0.7432,0.9216
111,2,0.2228,0.00711,0.0025,0.0035,0.6138,0.9648
111,3,0.37,0.00811,0.00289,-0.004,0.4551,0.9856
111,4,0.5209,0.00933,0.00341,-0.0132,0.2766,1
111,5,0.6108,0.01064,0.00412,-0.0099,0.1454,1
111,6,0.6973,0.01219,0.00534,-0.0055,0.0767,1
111,7,0.7832,0.01387,0.00699,-0.0008,0.0516,1
111,8,0.8655,0.01618,0.00935,0.0042,0.0392,1
111,9,0.9494,0.01874,0.01208,0.0085,0.032,1
111,10,1.0276,0.02227,0.01581,0.0129,0.0273,1
121,0,0,0.00973,0.00352,0,0.5865,0.5865
121,1,0.1033,0.0098,0.00357,0.0022,0.536,0.6393
121,2,0.2057,0.00995,0.00376,0.0046,0.4878,0.6935
121,3,0.308,0.01021,0.00407,0.007,0.442,0.7495
121,4,0.4094,0.0106,0.00453,0.0096,0.398,0.8039
121,5,0.5085,0.01118,0.00516,0.0127,0.3557,0.8555
121,6,0.6032,0.01199,0.00595,0.0165,0.3157,0.9024
121,7,0.6958,0.01307,0.00697,0.0206,0.278,0.9418
121,8,0.812,0.01456,0.00833,0.0191,0.24,0.9669
121,9,0.9465,0.01642,0.01001,0.0127,0.2034,0.9824
131,0,0,0.01349,0.00629,0,0.4936,0.4936
131,1,0.0718,0.01353,0.00633,0.0077,0.4673,0.5214
131,2,0.1387,0.01361,0.00643,0.0162,0.4426,0.551
131,3,0.2055,0.01382,0.00667,0.0245,0.4195,0.5826
131,4,0.2822,0.01423,0.00715,0.0305,0.3974,0.6166
131,5,0.3612,0.0148,0.00786,0.0356,0.3762,0.6543
131,7,0.5187,0.01666,0.00998,0.0444,0.3365,0.7383
131,8,0.5939,0.01803,0.01152,0.0485,0.318,0.7845
131,9,0.6646,0.01981,0.01347,0.0526,0.3005,0.8336
131,10,0.7287,0.02207,0.0159,0.0572,0.284,0.8839
201,0,-0.0001,0.01005,8.00E-05,0,0.0133,0.0133
201,3,0.328,0.02089,0.01564,0.0046,0.0049,1
201,4,0.4405,0.03197,0.0279,0.0045,0.004,1
201,5,0.5503,0.04768,0.04456,-0.001,0.0045,1
201,6,0.647,0.06709,0.06453,-0.0156,0.0055,1
211,0,0,0.00607,0.00209,0,0.8467,0.8468
211,1,0.1027,0.00636,0.0022,0.004,0.7432,0.9216
211,2,0.2228,0.00711,0.0025,0.0035,0.6138,0.9648
211,3,0.37,0.00811,0.00289,-0.004,0.4551,0.9856
211,4,0.5209,0.00933,0.00341,-0.0132,0.2766,1
211,5,0.6108,0.01064,0.00412,-0.0099,0.1454,1
211,6,0.6973,0.01219,0.00534,-0.0055,0.0767,1
211,7,0.7832,0.01387,0.00699,-0.0008,0.0516,1
211,8,0.8655,0.01618,0.00935,0.0042,0.0392,1
211,9,0.9494,0.01874,0.01208,0.0085,0.032,1
211,10,1.0276,0.02227,0.01581,0.0129,0.0273,1
221,0,0,0.00973,0.00352,0,0.5865,0.5865
221,1,0.1033,0.0098,0.00357,0.0022,0.536,0.6393
221,2,0.2057,0.00995,0.00376,0.0046,0.4878,0.6935
221,3,0.308,0.01021,0.00407,0.007,0.442,0.7495
221,4,0.4094,0.0106,0.00453,0.0096,0.398,0.8039
221,5,0.5085,0.01118,0.00516,0.0127,0.3557,0.8555
221,6,0.6032,0.01199,0.00595,0.0165,0.3157,0.9024
221,7,0.6958,0.01307,0.00697,0.0206,0.278,0.9418
221,8,0.812,0.01456,0.00833,0.0191,0.24,0.9669
221,9,0.9465,0.01642,0.01001,0.0127,0.2034,0.9824
231,0,0,0.01349,0.00629,0,0.4936,0.4936
231,1,0.0718,0.01353,0.00633,0.0077,0.4673,0.5214
231,2,0.1387,0.01361,0.00643,0.0162,0.4426,0.551
231,3,0.2055,0.01382,0.00667,0.0245,0.4195,0.5826
231,4,0.2822,0.01423,0.00715,0.0305,0.3974,0.6166
231,5,0.3612,0.0148,0.00786,0.0356,0.3762,0.6543
231,7,0.5187,0.01666,0.00998,0.0444,0.3365,0.7383
231,8,0.5939,0.01803,0.01152,0.0485,0.318,0.7845
231,9,0.6646,0.01981,0.01347,0.0526,0.3005,0.8336
231,10,0.7287,0.02207,0.0159,0.0572,0.284,0.8839
301,0,-0.0001,0.01005,8.00E-05,0,0.0133,0.0133
301,3,0.328,0.02089,0.01564,0.0046,0.0049,1
301,4,0.4405,0.03197,0.0279,0.0045,0.004,1
301,5,0.5503,0.04768,0.04456,-0.001,0.0045,1
301,6,0.647,0.06709,0.06453,-0.0156,0.0055,1
311,0,0,0.00607,0.00209,0,0.8467,0.8468
311,1,0.1027,0.00636,0.0022,0.004,0.7432,0.9216
311,2,0.2228,0.00711,0.0025,0.0035,0.6138,0.9648
311,3,0.37,0.00811,0.00289,-0.004,0.4551,0.9856
311,4,0.5209,0.00933,0.00341,-0.0132,0.2766,1
311,5,0.6108,0.01064,0.00412,-0.0099,0.1454,1
311,6,0.6973,0.01219,0.00534,-0.0055,0.0767,1
311,7,0.7832,0.01387,0.00699,-0.0008,0.0516,1
311,8,0.8655,0.01618,0.00935,0.0042,0.0392,1
311,9,0.9494,0.01874,0.01208,0.0085,0.032,1
311,10,1.0276,0.02227,0.01581,0.0129,0.0273,1
321,0,0,0.00973,0.00352,0,0.5865,0.5865
321,1,0.1033,0.0098,0.00357,0.0022,0.536,0.6393
321,2,0.2057,0.00995,0.00376,0.0046,0.4878,0.6935
321,3,0.308,0.01021,0.00407,0.007,0.442,0.7495
321,4,0.4094,0.0106,0.00453,0.0096,0.398,0.8039
321,5,0.5085,0.01118,0.00516,0.0127,0.3557,0.8555
321,6,0.6032,0.01199,0.00595,0.0165,0.3157,0.9024
321,7,0.6958,0.01307,0.00697,0.0206,0.278,0.9418
321,8,0.812,0.01456,0.00833,0.0191,0.24,0.9669
321,9,0.9465,0.01642,0.01001,0.0127,0.2034,0.9824
331,0,0,0.01349,0.00629,0,0.4936,0.4936
331,1,0.0718,0.01353,0.00633,0.0077,0.4673,0.5214
331,2,0.1387,0.01361,0.00643,0.0162,0.4426,0.551
331,3,0.2055,0.01382,0.00667,0.0245,0.4195,0.5826
331,4,0.2822,0.01423,0.00715,0.0305,0.3974,0.6166
331,5,0.3612,0.0148,0.00786,0.0356,0.3762,0.6543
331,7,0.5187,0.01666,0.00998,0.0444,0.3365,0.7383
331,8,0.5939,0.01803,0.01152,0.0485,0.318,0.7845
331,9,0.6646,0.01981,0.01347,0.0526,0.3005,0.8336
331,10,0.7287,0.02207,0.0159,0.0572,0.284,0.8839
401,0,-0.0001,0.01005,8.00E-05,0,0.0133,0.0133
401,3,0.328,0.02089,0.01564,0.0046,0.0049,1
401,4,0.4405,0.03197,0.0279,0.0045,0.004,1
401,5,0.5503,0.04768,0.04456,-0.001,0.0045,1
401,6,0.647,0.06709,0.06453,-0.0156,0.0055,1
411,0,0,0.00607,0.00209,0,0.8467,0.8468
411,1,0.1027,0.00636,0.0022,0.004,0.7432,0.9216
411,2,0.2228,0.00711,0.0025,0.0035,0.6138,0.9648
411,3,0.37,0.00811,0.00289,-0.004,0.4551,0.9856
411,4,0.5209,0.00933,0.00341,-0.0132,0.2766,1
411,5,0.6108,0.01064,0.00412,-0.0099,0.1454,1
411,6,0.6973,0.01219,0.00534,-0.0055,0.0767,1
411,7,0.7832,0.01387,0.00699,-0.0008,0.0516,1
411,8,0.8655,0.01618,0.00935,0.0042,0.0392,1
411,9,0.9494,0.01874,0.01208,0.0085,0.032,1
411,10,1.0276,0.02227,0.01581,0.0129,0.0273,1
421,0,0,0.00973,0.00352,0,0.5865,0.5865
421,1,0.1033,0.0098,0.00357,0.0022,0.536,0.6393
421,2,0.2057,0.00995,0.00376,0.0046,0.4878,0.6935
421,3,0.308,0.01021,0.00407,0.007,0.442,0.7495
421,4,0.4094,0.0106,0.00453,0.0096,0.398,0.8039
421,5,0.5085,0.01118,0.00516,0.0127,0.3557,0.8555
421,6,0.6032,0.01199,0.00595,0.0165,0.3157,0.9024
421,7,0.6958,0.01307,0.00697,0.0206,0.278,0.9418
421,8,0.812,0.01456,0.00833,0.0191,0.24,0.9669
421,9,0.9465,0.01642,0.01001,0.0127,0.2034,0.9824
431,0,0,0.01349,0.00629,0,0.4936,0.4936
431,1,0.0718,0.01353,0.00633,0.0077,0.4673,0.5214
431,2,0.1387,0.01361,0.00643,0.0162,0.4426,0.551
431,3,0.2055,0.01382,0.00667,0.0245,0.4195,0.5826
431,4,0.2822,0.01423,0.00715,0.0305,0.3974,0.6166
431,5,0.3612,0.0148,0.00786,0.0356,0.3762,0.6543
431,7,0.5187,0.01666,0.00998,0.0444,0.3365,0.7383
431,8,0.5939,0.01803,0.01152,0.0485,0.318,0.7845
431,9,0.6646,0.01981,0.01347,0.0526,0.3005,0.8336
431,10,0.7287,0.02207,0.0159,0.0572,0.284,0.8839
1001,0,0.0883,0.00758,0.00077,-0.0065,0.0133,1
1011,0,0.0902,0.00615,0.00214,-0.0051,0.7922,0.8996
1011,1,0.2029,0.00671,0.00234,-0.0036,0.6827,0.9582
1011,2,0.3474,0.00759,0.00268,-0.0102,0.5402,0.9843
1011,3,0.501,0.00866,0.00308,-0.0198,0.3686,1
1011,4,0.5919,0.00983,0.00363,-0.0167,0.2216,1
1011,5,0.679,0.01137,0.00465,-0.0126,0.1096,1
1011,6,0.766,0.01305,0.00613,-0.0083,0.0634,1
1011,7,0.8526,0.01501,0.00811,-0.0041,0.045,1
1011,8,0.9391,0.01732,0.01051,-0.0003,0.0354,1
1011,9,1.0213,0.02025,0.01363,0.0037,0.0295,1
1011,10,1.0966,0.02388,0.01757,0.008,0.0253,1
1021,0,0.0894,0.00976,0.00354,-0.0051,0.5625,0.6123
1021,1,0.192,0.00987,0.00367,-0.0028,0.5142,0.6672
1021,2,0.2938,0.0101,0.00394,-0.0003,0.4679,0.7252
1021,3,0.3951,0.01042,0.00435,0.0022,0.4236,0.7829
1021,4,0.4942,0.01092,0.0049,0.0051,0.381,0.8396
1021,5,0.59,0.01163,0.00564,0.0087,0.3402,0.8903
1021,6,0.6829,0.01263,0.0066,0.0128,0.3014,0.9336
1021,7,0.7914,0.01398,0.00783,0.0129,0.2628,0.965
1021,8,0.9287,0.01574,0.00941,0.0059,0.2238,0.9814
1021,9,1.0605,0.0176,0.01115,-0.0008,0.1897,0.9959
1021,10,1.0879,0.01906,0.01258,0.0117,0.169,1
1031,0,0.0608,0.01352,0.00632,0.001,0.4815,0.5062
1031,1,0.1294,0.01356,0.00638,0.0093,0.4564,0.5348
1031,2,0.1935,0.01366,0.00655,0.0182,0.433,0.566
1031,3,0.2693,0.01403,0.007,0.0244,0.4102,0.6001
1031,4,0.3489,0.01462,0.00763,0.0294,0.3883,0.6362
1031,5,0.4284,0.01534,0.00849,0.034,0.3674,0.6768
1031,6,0.5072,0.01635,0.0096,0.038,0.3475,0.7198
1031,7,0.5831,0.01761,0.01106,0.0421,0.3286,0.7675
1031,8,0.6551,0.01926,0.0129,0.046,0.3106,0.8175
1031,9,0.7214,0.02138,0.01521,0.0503,0.2937,0.8695
1031,10,0.7795,0.02406,0.01805,0.0554,0.2778,0.9211
1111,0,0.0883,0.00626,0.00214,-0.0094,0.7544,0.9059
1111,1,0.2059,0.00686,0.00229,-0.0091,0.6453,0.9619
1111,2,0.3538,0.00773,0.00251,-0.0167,0.5065,0.9862
1111,3,0.4987,0.00873,0.00279,-0.0246,0.3503,1
1111,4,0.5896,0.00989,0.00332,-0.0213,0.2216,1
1111,5,0.6803,0.01099,0.00417,-0.0175,0.1784,1
1111,6,0.7732,0.01202,0.00519,-0.014,0.1596,1
1111,7,0.8675,0.01314,0.00636,-0.0109,0.1434,1
1111,8,0.9639,0.01429,0.0076,-0.0085,0.1263,1
1111,9,1.0606,0.01549,0.00892,-0.0064,0.107,1
1111,10,1.1581,0.01658,0.01009,-0.0047,0.0771,1
1121,0,0.0903,0.0098,0.00357,-0.0093,0.5589,0.6149
1121,1,0.1922,0.00988,0.00367,-0.0068,0.5046,0.67
1121,2,0.2934,0.01012,0.00389,-0.0043,0.4547,0.728
1121,3,0.3937,0.01048,0.00429,-0.0015,0.4101,0.7861
1121,4,0.4918,0.01102,0.00482,0.0016,0.3669,0.8432
1121,5,0.5869,0.01177,0.00558,0.0053,0.3232,0.8939
1121,6,0.6776,0.01285,0.00655,0.0097,0.2809,0.9382
1121,7,0.788,0.01443,0.00792,0.0092,0.2373,0.9679
1121,8,0.924,0.01635,0.00963,0.0023,0.2013,0.9842
1121,9,1.0521,0.01851,0.01163,-0.0041,0.18,0.9988
1121,10,1.0587,0.01977,0.01296,0.0125,0.1714,1
1131,0,0.0584,0.01354,0.00633,-0.0018,0.4818,0.5055
1131,1,0.1243,0.01355,0.00637,0.007,0.4567,0.5346
1131,2,0.1897,0.0137,0.00658,0.0156,0.4329,0.5657
1131,3,0.2656,0.01413,0.00704,0.0217,0.4096,0.5999
1131,4,0.3445,0.01477,0.00769,0.0267,0.3867,0.6361
1131,5,0.4223,0.01552,0.0086,0.0315,0.3644,0.677
1131,6,0.4999,0.01657,0.00976,0.0357,0.343,0.7205
1131,7,0.5751,0.01792,0.01129,0.0397,0.3233,0.7688
1131,8,0.6461,0.01967,0.01324,0.0437,0.3047,0.8198
1131,9,0.7096,0.02198,0.01574,0.0481,0.2864,0.8731
1131,10,0.7629,0.02501,0.01891,0.0535,0.2691,0.9264
1201,0,0.0951,0.00727,0.00083,-0.0178,1,0.0134
1201,1,0.1986,0.00776,0.00061,-0.0164,0.0116,1
1211,0,0.0939,0.0062,0.00214,-0.0142,0.7755,0.9078
1211,1,0.2142,0.00678,0.00231,-0.0144,0.6736,0.9663
1211,2,0.3651,0.00753,0.00249,-0.0226,0.5485,0.9883
1211,3,0.5017,0.00832,0.00272,-0.0286,0.4206,1
1211,4,0.5955,0.00911,0.00312,-0.0255,0.3332,1
1211,5,0.6896,0.00991,0.00372,-0.0222,0.2757,1
1211,6,0.7842,0.01081,0.00449,-0.0191,0.225,1
1211,7,0.8782,0.01202,0.00548,-0.0161,0.1504,1
1211,8,0.966,0.01427,0.00734,-0.0125,0.0731,1
1211,9,1.0521,0.01676,0.0098,-0.0089,0.0461,1
1211,10,1.1325,0.01955,0.01279,-0.0047,0.035,1
1221,0,0.0913,0.00978,0.00357,-0.0132,0.5532,0.6214
1221,1,0.1942,0.00989,0.00368,-0.011,0.5039,0.675
1221,2,0.2958,0.01014,0.00391,-0.0085,0.456,0.7313
1221,3,0.3953,0.01055,0.00432,-0.0056,0.4101,0.7893
1221,4,0.493,0.01112,0.00489,-0.0024,0.3687,0.8459
1221,5,0.5887,0.01188,0.00566,0.0013,0.3347,0.8973
1221,6,0.6826,0.01288,0.00663,0.0052,0.3081,0.9415
1221,7,0.8062,0.01416,0.00784,0.0024,0.2847,0.9676
1221,8,0.9512,0.01562,0.0092,-0.0057,0.2632,0.9825
1221,9,1.089,0.01711,0.01062,-0.0129,0.243,0.9964
1221,10,1.1229,0.01799,0.01156,-0.0005,0.2293,1
1231,0,0.0475,0.01352,0.00632,-0.0035,0.4767,0.5103
1231,1,0.1094,0.01359,0.00637,0.0061,0.4505,0.5379
1231,2,0.18,0.0138,0.00664,0.0136,0.4265,0.568
1231,3,0.2575,0.01425,0.00713,0.0193,0.4023,0.6013
1231,4,0.337,0.01489,0.00782,0.0241,0.3794,0.6374
1231,5,0.4159,0.01573,0.00878,0.0286,0.358,0.6781
1231,6,0.4943,0.01684,0.00999,0.0326,0.3385,0.7218
1231,7,0.5712,0.01823,0.01152,0.0363,0.3213,0.7703
1231,8,0.6453,0.01991,0.01339,0.04,0.3066,0.8222
1231,9,0.7153,0.02194,0.01555,0.044,0.2935,0.8756
1231,10,0.7781,0.02437,0.01814,0.0488,0.2824,0.9284
1311,0,0.1026,0.00614,0.00211,-0.0193,0.7904,0.8969
1311,1,0.2214,0.00666,0.00228,-0.0191,0.6953,0.965
1311,2,0.3783,0.0074,0.0025,-0.0284,0.5796,0.9918
1311,3,0.5051,0.00802,0.00267,-0.0322,0.4731,1
1311,4,0.6002,0.00868,0.00302,-0.0292,0.3897,1
1311,5,0.6942,0.00952,0.00359,-0.0258,0.307,1
1311,6,0.7848,0.01092,0.00451,-0.0222,0.1895,1
1311,7,0.8723,0.01302,0.00609,-0.0183,0.0881,1
1311,8,0.9603,0.0153,0.00824,-0.0146,0.0524,1
1311,9,1.047,0.01761,0.01066,-0.011,0.0387,1
1311,10,1.1215,0.02084,0.01404,-0.0061,0.031,1
1321,0,0.0974,0.00983,0.00355,-0.0178,0.5588,0.6115
1321,1,0.2001,0.00992,0.00368,-0.0155,0.5128,0.6685
1321,2,0.3024,0.01016,0.00393,-0.0131,0.4713,0.7283
1321,3,0.4039,0.01046,0.00435,-0.0105,0.4354,0.7916
1321,4,0.5052,0.01092,0.0049,-0.0078,0.4045,0.8486
1321,5,0.6033,0.01157,0.00558,-0.0045,0.3761,0.8998
1321,6,0.6997,0.01244,0.00643,-0.0009,0.3495,0.9432
1321,7,0.827,0.01356,0.0075,-0.0043,0.3203,0.9676
1321,8,0.9734,0.01487,0.00872,-0.0126,0.2886,0.9827
1321,9,1.1108,0.01624,0.01,-0.0196,0.2558,0.9972
1321,10,1.1242,0.01727,0.01099,-0.0033,0.2336,1
1331,0,0.048,0.01354,0.00632,-0.0071,0.4786,0.5071
1331,1,0.1122,0.01361,0.00639,0.002,0.455,0.5365
1331,2,0.1859,0.01384,0.00666,0.0089,0.4337,0.568
1331,3,0.2681,0.01425,0.00711,0.0139,0.4145,0.6017
1331,4,0.3531,0.01475,0.00774,0.018,0.3969,0.6387
1331,5,0.4385,0.01543,0.00856,0.0216,0.3806,0.6809
1331,6,0.523,0.01631,0.00957,0.025,0.3651,0.7242
1331,7,0.6057,0.01743,0.01078,0.0283,0.35,0.7715
1331,8,0.6818,0.01878,0.01237,0.0322,0.3359,0.8231
1331,9,0.7533,0.02052,0.01436,0.0364,0.3222,0.8762
1331,10,0.8159,0.02276,0.01675,0.0417,0.3088,0.9288
1401,0,0.1142,0.00762,7.00E-05,-0.0254,0.7232,0.0109
1411,0,0.1128,0.00611,0.00211,-0.0244,0.8082,0.8879
1411,1,0.23,0.00651,0.00225,-0.0238,0.7233,0.9621
1411,2,0.3832,0.00715,0.00244,-0.0322,0.6205,0.9912
1411,3,0.5092,0.00774,0.00261,-0.0356,0.514,1
1411,4,0.6035,0.00847,0.00296,-0.0324,0.4108,1
1411,5,0.6947,0.00965,0.00363,-0.0286,0.2804,1
1411,6,0.7823,0.01147,0.0048,-0.0246,0.143,1
1411,7,0.8716,0.0135,0.00647,-0.0209,0.071,1
1411,8,0.9614,0.0156,0.00856,-0.0175,0.0473,1
1411,9,1.0437,0.01838,0.01143,-0.0132,0.0361,1
1411,10,1.1205,0.02142,0.01467,-0.0085,0.0297,1
1421,0,0.1098,0.00983,0.00354,-0.0233,0.5813,0.5877
1421,1,0.2125,0.00987,0.00366,-0.0209,0.5401,0.6515
1421,2,0.3157,0.00998,0.0039,-0.0187,0.5021,0.715
1421,3,0.4182,0.01023,0.00426,-0.0162,0.4662,0.7786
1421,4,0.5179,0.01066,0.00475,-0.0132,0.4313,0.8411
1421,5,0.6147,0.01127,0.00542,-0.0095,0.3961,0.8962
1421,6,0.7084,0.0121,0.00624,-0.0053,0.361,0.9445
1421,7,0.8369,0.01341,0.00741,-0.0091,0.3223,0.9702
1421,8,0.9787,0.01494,0.00875,-0.0166,0.2821,0.9865
1421,9,1.1089,0.01644,0.01014,-0.0225,0.2448,1
1421,10,1.0981,0.01747,0.01115,-0.0015,0.2231,1
1431,0,0.0726,0.01355,0.00634,-0.015,0.4992,0.483
1431,1,0.1421,0.01358,0.00639,-0.0069,0.4773,0.5169
1431,2,0.2116,0.0137,0.00654,0.001,0.4563,0.5517
1431,3,0.2901,0.01401,0.00695,0.0067,0.4359,0.5896
1431,5,0.4533,0.01512,0.00831,0.016,0.3978,0.6709
1431,6,0.5346,0.01599,0.00931,0.02,0.3793,0.7158
1431,7,0.613,0.01712,0.01063,0.024,0.3612,0.7658
1431,8,0.6874,0.01859,0.0123,0.0281,0.3438,0.8194
1431,9,0.755,0.0205,0.01442,0.0329,0.327,0.8759
1431,10,0.8131,0.02299,0.01706,0.0387,0.311,0.9319
2011,0,0.1863,0.0064,0.00224,-0.0115,0.7378,0.9456
2011,1,0.3249,0.00713,0.0025,-0.0164,0.6165,0.9817
2011,2,0.4811,0.00806,0.00282,-0.0264,0.4588,0.9999
2011,3,0.5737,0.00906,0.00323,-0.0234,0.3117,1
2011,4,0.6618,0.01053,0.00407,-0.0197,0.1701,1
2011,5,0.7491,0.01227,0.00537,-0.0157,0.0841,1
2011,6,0.8381,0.0141,0.00712,-0.012,0.0536,1
2011,7,0.9253,0.01644,0.00952,-0.0084,0.0399,1
2011,8,1.0102,0.01908,0.01233,-0.0048,0.0322,1
2011,9,1.088,0.02241,0.01589,-0.0008,0.0272,1
2011,10,1.1538,0.02701,0.02072,0.0041,0.0237,1
2021,0,0.1784,0.00982,0.00361,-0.0102,0.5399,0.6394
2021,1,0.2802,0.00999,0.00383,-0.0077,0.4935,0.6984
2021,2,0.3812,0.01027,0.00418,-0.0052,0.449,0.759
2021,3,0.4805,0.0107,0.00467,-0.0024,0.4061,0.82
2021,4,0.5769,0.01132,0.00537,0.0011,0.3648,0.8759
2021,5,0.6672,0.0122,0.00622,0.0056,0.3256,0.9265
2021,6,0.77,0.01344,0.00736,0.007,0.2866,0.9629
2021,7,0.9094,0.0151,0.00885,-0.0003,0.2456,0.9804
2021,8,1.0439,0.01694,0.01052,-0.0077,0.2084,0.9953
2021,9,1.0806,0.01827,0.01182,0.0033,0.1851,1
2021,10,1.0975,0.02033,0.01383,0.017,0.1657,1
2031,0,0.1181,0.01354,0.00637,0.0027,0.4696,0.5199
2031,1,0.1815,0.01363,0.00649,0.0118,0.4458,0.5498
2031,2,0.2571,0.01397,0.00687,0.0181,0.4227,0.5822
2031,3,0.3361,0.01444,0.00746,0.0233,0.4005,0.6187
2031,4,0.4167,0.01514,0.00825,0.0277,0.3792,0.6581
2031,5,0.4961,0.01603,0.00929,0.0318,0.3589,0.7012
2031,6,0.5736,0.01722,0.01062,0.0356,0.3395,0.7481
2031,7,0.6475,0.01874,0.01232,0.0393,0.3211,0.7994
2031,8,0.7154,0.0207,0.01449,0.0434,0.3037,0.8539
2031,9,0.7749,0.0232,0.01718,0.0483,0.2873,0.9088
2031,10,0.8349,0.02646,0.02054,0.052,0.2716,0.9569
2111,0,0.2078,0.00842,0.00196,-0.0275,0.6496,0.3686
2111,1,0.3046,0.0074,0.00233,-0.0227,0.5233,0.9691
2111,2,0.4734,0.00881,0.00265,-0.0355,0.3211,1
2111,3,0.5623,0.01015,0.00317,-0.0318,0.1894,1
2111,4,0.6541,0.01116,0.00393,-0.0281,0.1675,1
2111,5,0.7492,0.01206,0.00482,-0.025,0.1593,1
2111,6,0.8435,0.01351,0.0062,-0.0221,0.1517,1
2111,7,0.9425,0.01474,0.00758,-0.0201,0.1476,1
2111,8,1.0409,0.01623,0.00917,-0.0183,0.1422,1
2111,9,1.1378,0.01864,0.01171,-0.0167,0.1369,1
2111,10,1.2338,0.02032,0.01373,-0.0149,0.1318,1
2121,1,0.2793,0.01009,0.00387,-0.0156,0.4704,0.7039
2121,2,0.3791,0.01038,0.00419,-0.0128,0.4223,0.7655
2121,3,0.4759,0.0109,0.00467,-0.0094,0.3751,0.8268
2121,4,0.569,0.01161,0.00533,-0.0054,0.3279,0.8854
2121,5,0.6567,0.01274,0.0063,-0.0005,0.2778,0.9343
2121,6,0.7613,0.01446,0.00771,0,0.2223,0.9694
2121,7,0.8936,0.01669,0.0096,-0.0068,0.1851,0.9877
2121,8,1.0109,0.01867,0.01149,-0.0112,0.1707,1
2121,9,1.0138,0.02,0.01286,0.0061,0.165,1
2121,10,1.0537,0.02259,0.01541,0.015,0.1594,1
2131,0,0.1098,0.01351,0.00642,-0.0023,0.4707,0.519
2131,1,0.1756,0.01367,0.00657,0.0062,0.4462,0.5491
2131,2,0.2515,0.01409,0.00697,0.0124,0.4221,0.5817
2131,3,0.3258,0.01468,0.00762,0.0183,0.3955,0.6184
2131,4,0.4048,0.01544,0.00846,0.0228,0.3719,0.6583
2131,5,0.4832,0.01644,0.0096,0.0269,0.3507,0.7023
2131,6,0.5589,0.01778,0.01108,0.0307,0.33,0.7504
2131,7,0.6294,0.01956,0.01301,0.0347,0.3097,0.8034
2131,8,0.6906,0.02197,0.01559,0.0393,0.2897,0.8602
2131,9,0.7427,0.02508,0.01885,0.0447,0.2707,0.9178
2131,10,0.8037,0.02914,0.02298,0.0469,0.2515,0.9652
2201,0,0.1715,0.00969,0.00398,-0.0346,1,0.1139
2211,0,0.1956,0.00647,0.00214,-0.031,0.7001,0.9277
2211,1,0.3501,0.00725,0.00231,-0.0391,0.5828,0.989
2211,2,0.4798,0.008,0.00239,-0.0436,0.4542,1
2211,3,0.5734,0.00884,0.00271,-0.0404,0.3597,1
2211,4,0.6689,0.00965,0.00326,-0.0374,0.3146,1
2211,5,0.7662,0.01051,0.00399,-0.0346,0.2887,1
2211,6,0.8667,0.01131,0.00481,-0.0326,0.2654,1
2211,7,0.9679,0.01215,0.0057,-0.031,0.2387,1
2211,8,1.0693,0.01298,0.00663,-0.0295,0.2076,1
2211,9,1.1656,0.01428,0.00781,-0.0275,0.1452,1
2211,10,1.2408,0.01762,0.0107,-0.0231,0.0614,1
2221,0,0.1833,0.00994,0.00368,-0.0267,0.5182,0.642
2221,1,0.2833,0.01011,0.00388,-0.0239,0.4683,0.7106
2221,2,0.3811,0.01052,0.0042,-0.0207,0.4175,0.7718
2221,3,0.4775,0.01105,0.00474,-0.0173,0.3721,0.8335
2221,4,0.5697,0.01186,0.00549,-0.013,0.3364,0.8918
2221,5,0.6626,0.01281,0.0064,-0.0088,0.3122,0.9424
2221,6,0.7889,0.01414,0.00762,-0.0123,0.2938,0.9707
2221,7,0.9393,0.01559,0.00896,-0.0215,0.2789,0.9856
2221,8,1.0849,0.01705,0.01032,-0.0302,0.2657,0.9983
2221,9,1.1074,0.01762,0.01099,-0.0149,0.258,1
2221,10,1.1546,0.01894,0.01227,-0.0048,0.2488,1
2231,0,0.0842,0.01361,0.00641,-0.0049,0.46,0.5259
2231,1,0.1571,0.01383,0.00667,0.0021,0.4336,0.5539
2231,2,0.2346,0.0143,0.00716,0.0077,0.4075,0.5862
2231,3,0.3121,0.01502,0.00788,0.0128,0.3821,0.6215
2231,4,0.3879,0.01604,0.00888,0.0176,0.358,0.6602
2231,5,0.4658,0.0172,0.01017,0.0215,0.3376,0.7048
2231,6,0.5418,0.01868,0.01177,0.0252,0.32,0.7539
2231,7,0.6163,0.02041,0.01365,0.0287,0.3057,0.8082
2231,8,0.6897,0.02232,0.01582,0.0321,0.2949,0.8662
2231,9,0.757,0.02461,0.01822,0.0365,0.2854,0.924
2231,10,0.8374,0.02747,0.02114,0.0374,0.2772,0.9687
2311,0,0.2105,0.00636,0.00213,-0.0401,0.7334,0.9378
2311,1,0.367,0.00698,0.00224,-0.0488,0.6356,0.9925
2311,2,0.4877,0.00754,0.00229,-0.0511,0.5396,1
2311,3,0.5841,0.00817,0.00257,-0.0482,0.4686,1
2311,4,0.6817,0.00887,0.00303,-0.0454,0.4171,1
2311,5,0.781,0.00958,0.00362,-0.043,0.3687,1
2311,6,0.8821,0.01035,0.00434,-0.041,0.3159,1
2311,7,0.9796,0.01159,0.00531,-0.0388,0.2262,1
2311,8,1.0646,0.01421,0.00727,-0.0352,0.1006,1
2311,9,1.1463,0.01695,0.00981,-0.0311,0.0526,1
2311,10,1.221,0.01983,0.01283,-0.026,0.0376,1
2321,0,0.1946,0.00996,0.00367,-0.0356,0.5297,0.6318
2321,1,0.2957,0.01015,0.00387,-0.033,0.4875,0.6967
2321,2,0.3969,0.01043,0.00423,-0.0304,0.4532,0.7645
2321,3,0.4963,0.01084,0.00474,-0.0273,0.4255,0.8387
2321,4,0.5951,0.01146,0.0054,-0.024,0.4027,0.8972
2321,5,0.6953,0.01227,0.00618,-0.0212,0.3824,0.9451
2321,6,0.8301,0.01339,0.0072,-0.0262,0.3616,0.9704
2321,7,0.9827,0.0145,0.00826,-0.0355,0.3406,0.9855
2321,8,1.1313,0.01552,0.00928,-0.0445,0.319,0.999
2321,9,1.1365,0.01603,0.00979,-0.0253,0.3035,1
2321,10,1.179,0.01711,0.0109,-0.014,0.285,1
2331,0,0.0863,0.01368,0.00642,-0.0124,0.4637,0.5173
2331,1,0.1635,0.01396,0.00673,-0.0062,0.4421,0.5503
2331,2,0.2475,0.01439,0.0072,-0.0017,0.4234,0.5846
2331,3,0.3354,0.01491,0.00779,0.0018,0.4079,0.6207
2331,4,0.425,0.01553,0.00856,0.0047,0.3938,0.6621
2331,5,0.5153,0.01637,0.00945,0.0072,0.3804,0.7094
2331,6,0.5997,0.01728,0.0106,0.0104,0.3687,0.7578
2331,7,0.6847,0.01845,0.01198,0.0131,0.3572,0.8102
2331,8,0.7687,0.01979,0.01341,0.016,0.3452,0.8661
2331,9,0.8312,0.02175,0.01564,0.0217,0.3351,0.9245
2331,10,0.9153,0.02415,0.01807,0.023,0.3241,0.9684
2401,,,,,,,
0,,,,,,,
0.2334,,,,,,,
0.00685,,,,,,,
0.00028,,,,,,,
-0.0542,,,,,,,
0.9289,,,,,,,
0.0105,,,,,,,
2411,0,0.2293,0.00623,0.00214,-0.0498,0.7728,0.9289
2411,1,0.3815,0.00665,0.00219,-0.0575,0.6983,0.9932
2411,2,0.4989,0.00708,0.00223,-0.0589,0.6207,1
2411,3,0.5967,0.00764,0.00247,-0.0559,0.5494,1
2411,4,0.6947,0.00832,0.0029,-0.0531,0.4782,1
2411,5,0.7937,0.00916,0.00351,-0.0505,0.3965,1
2411,6,0.8887,0.01059,0.00445,-0.0477,0.2722,1
2411,7,0.9759,0.01297,0.0061,-0.0442,0.1265,1
2411,8,1.0615,0.01545,0.00824,-0.0403,0.0617,1
2411,9,1.1426,0.01803,0.01085,-0.0359,0.0422,1
2411,10,1.2105,0.02121,0.0142,-0.0297,0.0331,1
2421,0,0.2193,0.00998,0.00365,-0.0465,0.5738,0.58
2421,1,0.3217,0.00999,0.00383,-0.0441,0.5398,0.6603
2421,2,0.4238,0.01017,0.00411,-0.0417,0.5089,0.7376
2421,3,0.5253,0.01042,0.00454,-0.039,0.4805,0.8134
2421,4,0.6234,0.01086,0.0051,-0.0355,0.4526,0.884
2421,5,0.7198,0.01163,0.00584,-0.0317,0.4247,0.9423
2421,6,0.8537,0.01264,0.00681,-0.0362,0.3937,0.9756
2421,7,1.0079,0.01382,0.00786,-0.046,0.359,0.9916
2421,8,1.0913,0.01472,0.00865,-0.0423,0.3283,1
2421,9,1.1098,0.01561,0.00949,-0.0257,0.3028,1
2421,10,1.1632,0.01737,0.01117,-0.0172,0.2745,1
2431,0,0.137,0.01368,0.00641,-0.0284,0.5016,0.463
2431,1,0.2095,0.01373,0.00655,-0.0211,0.4831,0.505
2431,2,0.2912,0.01397,0.00691,-0.0159,0.4652,0.5501
2431,3,0.3774,0.0144,0.00741,-0.0119,0.4477,0.5948
2431,5,0.5458,0.01566,0.00896,-0.0041,0.4142,0.6886
2431,6,0.6279,0.0166,0.0101,-0.0004,0.3979,0.7404
2431,7,0.7063,0.01781,0.01153,0.0035,0.3818,0.7981
2431,8,0.778,0.01939,0.01332,0.0082,0.366,0.8615
2431,9,0.8402,0.02145,0.01551,0.0142,0.3506,0.9278
2431,10,0.9249,0.02438,0.01847,0.0145,0.3346,0.9747
3011,0,0.3022,0.00675,0.00237,-0.0227,0.6807,0.9766
3011,1,0.4589,0.00754,0.0026,-0.0324,0.5422,0.999
3011,2,0.5559,0.0084,0.00291,-0.0302,0.402,1
3011,3,0.6455,0.0097,0.00358,-0.0266,0.2538,1
3011,4,0.7332,0.01143,0.0047,-0.0229,0.1252,1
3011,5,0.8232,0.01329,0.00628,-0.0196,0.0669,1
3011,6,0.9138,0.01532,0.00832,-0.0166,0.0459,1
3011,7,0.9982,0.01802,0.01108,-0.0131,0.0353,1
3011,8,1.0772,0.02122,0.01445,-0.0092,0.0293,1
3011,9,1.1533,0.02428,0.01781,-0.0053,0.0254,1
3011,10,1.2078,0.02902,0.02297,0.0009,0.0226,1
3021,0,0.2667,0.00992,0.00374,-0.0151,0.5186,0.6695
3021,1,0.3678,0.01015,0.00404,-0.0126,0.4739,0.7319
3021,2,0.4673,0.01051,0.00448,-0.0098,0.4308,0.7967
3021,3,0.5639,0.01104,0.0051,-0.0065,0.3893,0.8589
3021,4,0.6564,0.01184,0.00592,-0.0024,0.3493,0.9136
3021,5,0.755,0.01297,0.00697,0,0.3102,0.9569
3021,6,0.8886,0.0145,0.00834,-0.0061,0.2686,0.9794
3021,7,1.0276,0.01626,0.00991,-0.0143,0.2289,0.9946
3021,8,1.0726,0.01752,0.01112,-0.0048,0.2027,1.0001
3021,9,1.0926,0.01939,0.01291,0.0088,0.1812,1.0001
3021,10,1.1401,0.02221,0.01571,0.0153,0.1596,1.0001
3031,0,0.1692,0.01359,0.0064,0.0056,0.4582,0.5332
3031,1,0.243,0.01389,0.00675,0.0123,0.4344,0.5655
3031,2,0.323,0.0144,0.00729,0.0173,0.4116,0.6007
3031,3,0.4034,0.01501,0.00802,0.0218,0.3902,0.6391
3031,4,0.4835,0.01585,0.00899,0.0258,0.3697,0.6818
3031,5,0.5618,0.01693,0.01025,0.0296,0.3501,0.7284
3031,6,0.6371,0.01834,0.01184,0.0332,0.3313,0.7797
3031,7,0.7074,0.02014,0.01385,0.037,0.3135,0.8355
3031,8,0.7694,0.02246,0.01636,0.0416,0.2967,0.8938
3031,9,0.8248,0.02547,0.01948,0.0465,0.2807,0.9497
3031,10,0.9164,0.02958,0.02361,0.0421,0.2643,0.9792
3111,0,0.3057,0.01235,0.00461,-0.04,0.4917,0.038
3111,1,0.4015,0.01239,0.00353,-0.0371,0.2523,0.047
3111,2,0.5041,0.01287,0.0034,-0.0356,0.1695,0.0724
3111,3,0.6291,0.01127,0.00401,-0.0388,0.1576,1
3111,4,0.7237,0.01243,0.00496,-0.0357,0.1514,1
3111,5,0.8226,0.0135,0.00599,-0.0335,0.1481,1
3111,6,0.9218,0.01482,0.0073,-0.0316,0.1451,1
3111,7,1.0207,0.01635,0.00885,-0.03,0.1419,1
3111,8,1.119,0.01866,0.01121,-0.0287,0.1391,1
3111,9,1.2175,0.0213,0.01407,-0.0277,0.1372,1
3111,10,1.3127,0.0235,0.01661,-0.0262,0.1352,1
3121,1,0.3682,0.01049,0.00416,-0.0251,0.4337,0.6992
3121,2,0.4623,0.01084,0.0046,-0.0211,0.3829,0.7924
3121,3,0.5516,0.01154,0.00528,-0.0162,0.3295,0.8717
3121,4,0.6332,0.01272,0.00621,-0.0101,0.2678,0.9302
3121,5,0.7299,0.01479,0.0078,-0.0084,0.1983,0.9716
3121,6,0.8641,0.01701,0.00972,-0.0156,0.1703,0.9913
3121,7,0.9451,0.01893,0.0115,-0.0134,0.1609,1
3121,8,0.9704,0.02043,0.01305,-0.0003,0.1574,1
3121,9,1.0248,0.02285,0.01549,0.006,0.1538,1
3121,10,1.0811,0.0261,0.0187,0.0104,0.1503,1
3131,0,0.1597,0.01368,0.00661,-0.0028,0.4582,0.5318
3131,1,0.2324,0.01408,0.007,0.004,0.4314,0.5646
3131,2,0.3097,0.0146,0.00759,0.0094,0.4051,0.6005
3131,3,0.3891,0.01536,0.00838,0.0139,0.3812,0.6392
3131,4,0.467,0.01636,0.00949,0.018,0.3589,0.6833
3131,5,0.5416,0.01771,0.01095,0.022,0.3371,0.7315
3131,6,0.6109,0.01953,0.0129,0.0261,0.3153,0.7855
3131,7,0.6766,0.02176,0.01535,0.0301,0.2942,0.8451
3131,8,0.7302,0.02479,0.01853,0.0352,0.273,0.9082
3131,9,0.7815,0.02916,0.02292,0.0388,0.2514,0.9619
3131,10,0.8654,0.03537,0.02906,0.0324,0.2263,0.987
3211,0,0.3032,0.00727,0.00209,-0.0506,0.6122,0.7556
3211,1,0.4579,0.00784,0.00235,-0.0586,0.4723,1
3211,2,0.5504,0.00879,0.00257,-0.0551,0.3609,1
3211,3,0.6468,0.00963,0.00303,-0.0522,0.3151,1
3211,4,0.7465,0.01048,0.00367,-0.05,0.2942,1
3211,5,0.8492,0.01131,0.00445,-0.0484,0.2805,1
3211,6,0.9526,0.01223,0.00541,-0.0472,0.2689,1
3211,7,1.0553,0.01333,0.00658,-0.046,0.2577,1
3211,8,1.1565,0.01431,0.0077,-0.0447,0.2425,1
3211,9,1.2555,0.01501,0.00858,-0.0431,0.2214,1
3211,10,1.3527,0.01578,0.00961,-0.0414,0.1966,1
3221,0,0.2746,0.01024,0.00389,-0.0402,0.4807,0.6513
3221,1,0.3697,0.01055,0.00418,-0.0365,0.4252,0.7296
3221,2,0.4621,0.01105,0.00468,-0.0322,0.3732,0.814
3221,3,0.5506,0.01184,0.00539,-0.0272,0.3332,0.8849
3221,4,0.6358,0.0129,0.00633,-0.0216,0.3094,0.9442
3221,5,0.7625,0.01426,0.00754,-0.0252,0.2929,0.9774
3221,6,0.9194,0.01559,0.00879,-0.0358,0.2813,0.9914
3221,7,1.0393,0.01687,0.00995,-0.0396,0.2722,1
3221,8,1.0659,0.01753,0.01066,-0.0249,0.2664,1
3221,9,1.1327,0.01888,0.01193,-0.0183,0.2597,1
3221,10,1.211,0.02045,0.01359,-0.0145,0.2538,1
3231,0,0.1381,0.01387,0.00676,-0.0102,0.4425,0.534
3231,2,0.289,0.01516,0.008,0.0012,0.3862,0.605
3231,3,0.3662,0.01615,0.00902,0.0057,0.3598,0.6434
3231,4,0.4391,0.01755,0.01041,0.0101,0.3359,0.6857
3231,5,0.5126,0.0192,0.01212,0.014,0.3174,0.7357
3231,6,0.5877,0.02096,0.01408,0.0172,0.3035,0.7926
3231,7,0.6607,0.02295,0.0163,0.0205,0.2931,0.855
3231,8,0.7287,0.0252,0.01862,0.025,0.2841,0.9191
3231,9,0.8097,0.02804,0.02159,0.0258,0.2777,0.9703
3231,10,0.9353,0.0313,0.02473,0.0171,0.2709,0.989
3311,0,0.3262,0.00665,0.00217,-0.0631,0.6746,0.9619
3311,1,0.4702,0.00726,0.00215,-0.07,0.5782,1
3311,2,0.5669,0.00794,0.00233,-0.067,0.5003,1
3311,3,0.6669,0.00864,0.00272,-0.0646,0.4502,1
3311,4,0.7703,0.00934,0.00326,-0.063,0.4169,1
3311,5,0.8745,0.01013,0.00395,-0.0617,0.3891,1
3311,6,0.9784,0.01082,0.00467,-0.0604,0.3553,1
3311,7,1.0812,0.01156,0.00547,-0.0591,0.3167,1
3311,8,1.1793,0.01262,0.00646,-0.0571,0.2522,1
3311,9,1.2551,0.01564,0.00878,-0.0524,0.1163,1
3311,10,1.3183,0.01925,0.01207,-0.0459,0.0516,1
3321,0,0.2899,0.01025,0.0039,-0.053,0.5007,0.6427
3321,1,0.389,0.01052,0.00418,-0.0501,0.4641,0.721
3321,2,0.4879,0.01083,0.00463,-0.047,0.4364,0.8031
3321,3,0.5847,0.01134,0.00523,-0.0433,0.4154,0.8841
3321,4,0.6865,0.01216,0.00606,-0.0405,0.3983,0.9475
3321,5,0.8239,0.01323,0.00701,-0.0461,0.382,0.9772
3321,6,0.9835,0.01436,0.00802,-0.057,0.3661,0.9911
3321,7,1.1157,0.01533,0.00887,-0.0628,0.3508,1
3321,8,1.1297,0.01562,0.00925,-0.0447,0.3403,1
3321,9,1.1905,0.01662,0.01026,-0.0363,0.3275,1
3321,10,1.262,0.01798,0.01163,-0.0309,0.3134,1
3331,0,0.1407,0.01405,0.00687,-0.0213,0.4491,0.5241
3331,1,0.2258,0.01455,0.00733,-0.0171,0.4301,0.5613
3331,2,0.3149,0.01516,0.00794,-0.0138,0.4133,0.5996
3331,3,0.4042,0.01578,0.00868,-0.011,0.401,0.6398
3331,4,0.4972,0.01654,0.00958,-0.009,0.3896,0.6869
3331,5,0.5857,0.01743,0.01063,-0.0065,0.379,0.741
3331,6,0.6749,0.01851,0.01191,-0.0043,0.3693,0.7963
3331,7,0.7585,0.01975,0.01332,-0.0014,0.3599,0.8572
3331,8,0.8336,0.02139,0.01518,0.0029,0.3513,0.9202
3331,9,0.9216,0.02345,0.01723,0.004,0.3422,0.9705
3331,10,1.0473,0.02642,0.02025,-0.0043,0.3327,0.9894
3401,0,0.3414,0.00697,0.00053,-0.0792,0.8802,0.0111
3411,0,0.3546,0.00641,0.00216,-0.0774,0.7404,0.9618
3411,1,0.4889,0.00678,0.00209,-0.082,0.6753,1
3411,2,0.5896,0.00729,0.00224,-0.0796,0.6136,1
3411,3,0.693,0.00788,0.00258,-0.0777,0.5599,1
3411,4,0.7971,0.00854,0.00307,-0.0761,0.5095,1
3411,5,0.8999,0.00929,0.00367,-0.0744,0.4522,1
3411,6,1.0008,0.01018,0.00443,-0.0725,0.3806,1
3411,8,1.1665,0.01504,0.00795,-0.064,0.1051,1
3411,9,1.2373,0.01808,0.01073,-0.058,0.0528,1
3411,10,1.2965,0.02105,0.01381,-0.0503,0.0382,1
3421,0,0.3282,0.01027,0.00383,-0.0695,0.5657,0.5512
3421,2,0.5303,0.01042,0.00442,-0.0644,0.5117,0.7602
3421,3,0.6292,0.0107,0.00492,-0.0611,0.4882,0.8544
3421,4,0.728,0.01129,0.00559,-0.0576,0.4658,0.933
3421,5,0.8588,0.01221,0.00641,-0.0615,0.4419,0.9778
3421,6,1.0323,0.01335,0.00738,-0.0751,0.4152,0.996
3421,7,1.0785,0.01375,0.00777,-0.0633,0.3938,1
3421,8,1.1232,0.0145,0.00849,-0.0512,0.371,1
3421,9,1.1887,0.01589,0.0098,-0.0442,0.3457,1
3421,10,1.2561,0.01771,0.01162,-0.0385,0.3194,1
3431,0,0.2067,0.01409,0.00669,-0.043,0.502,0.4303
3431,1,0.2926,0.01425,0.00694,-0.0387,0.4851,0.4837
3431,2,0.3754,0.01451,0.0074,-0.034,0.47,0.5413
3431,3,0.4635,0.01497,0.00805,-0.0306,0.4551,0.5974
3431,4,0.5536,0.0156,0.00882,-0.0278,0.4405,0.652
3431,5,0.6419,0.01638,0.00972,-0.025,0.4256,0.7077
3431,6,0.72,0.01742,0.01105,-0.0209,0.4119,0.7693
3431,7,0.7969,0.01873,0.0126,-0.0168,0.3979,0.8398
3431,8,0.8647,0.0204,0.01446,-0.011,0.3841,0.9164
3431,9,0.9544,0.02277,0.01681,-0.0106,0.3692,0.9754
3431,10,1.0816,0.02622,0.02025,-0.02,0.3538,0.995
4011,0,0.4351,0.00709,0.00244,-0.0382,0.6158,0.9972
4011,1,0.5385,0.00783,0.00265,-0.0371,0.4864,1
4011,2,0.6296,0.00893,0.00319,-0.0336,0.345,1
4011,3,0.7186,0.01054,0.00412,-0.0301,0.1958,1
4011,4,0.8088,0.01245,0.00551,-0.0271,0.0917,1
4011,5,0.9008,0.01443,0.00735,-0.0244,0.0551,1
4011,6,0.9892,0.01677,0.00976,-0.0215,0.0403,1
4011,7,1.0724,0.01947,0.01262,-0.0181,0.0323,1
4011,8,1.1466,0.02283,0.01621,-0.0139,0.0272,1
4011,9,1.207,0.02714,0.0208,-0.0085,0.0239,1
4011,10,1.2508,0.03141,0.02544,-0.0016,0.0214,1
4021,0,0.3547,0.01007,0.00392,-0.02,0.4983,0.7025
4021,1,0.4544,0.01035,0.00431,-0.0173,0.4552,0.7699
4021,2,0.5514,0.01079,0.00486,-0.0141,0.4135,0.8377
4021,3,0.6441,0.01149,0.00561,-0.01,0.3733,0.8998
4021,5,0.8663,0.01394,0.00786,-0.0113,0.2925,0.9785
4021,6,1.0104,0.01561,0.00934,-0.0205,0.2508,0.9938
4021,7,1.0639,0.01684,0.01048,-0.0125,0.2218,1.0001
4021,8,1.0872,0.01851,0.01208,0.0008,0.1982,1.0001
4021,9,1.136,0.02118,0.01468,0.0074,0.1743,1.0001
4021,10,1.1875,0.0246,0.01812,0.0118,0.1535,1.0001
4031,0,0.2321,0.0138,0.00664,0.0059,0.4472,0.5473
4031,1,0.3107,0.01419,0.00713,0.0113,0.4242,0.5822
4031,2,0.3914,0.01479,0.00781,0.0159,0.4021,0.6202
4031,3,0.4721,0.01558,0.0087,0.0198,0.381,0.6613
4031,4,0.5512,0.01661,0.00988,0.0235,0.3608,0.7078
4031,5,0.6274,0.01793,0.01139,0.027,0.3416,0.7593
4031,6,0.6994,0.0196,0.01327,0.0306,0.3234,0.8162
4031,7,0.7649,0.02173,0.01561,0.0346,0.3062,0.8773
4031,8,0.8218,0.02451,0.01856,0.0396,0.29,0.9368
4031,9,0.9032,0.02833,0.0224,0.0378,0.2735,0.9767
4031,10,1.0106,0.03326,0.0273,0.0284,0.2566,0.9919
4111,0,0.3804,0.01861,0.00971,-0.0515,0.1684,0.0319
4121,0,0.3959,0.01409,0.00569,-0.0439,0.4366,0.0584
4121,1,0.4856,0.01395,0.00531,-0.0396,0.3807,0.0686
4121,3,0.6169,0.01296,0.00607,-0.0229,0.2393,0.8293
4121,4,0.683,0.01495,0.00785,-0.0142,0.1766,0.9569
4121,5,0.8355,0.01748,0.01007,-0.0247,0.1593,0.9934
4121,6,0.9,0.01888,0.01142,-0.0188,0.1542,1
4121,7,0.9333,0.02087,0.01334,-0.0077,0.1507,1
4121,8,0.9874,0.02377,0.0162,-0.0019,0.1479,1
4121,9,1.0521,0.02666,0.01915,0.0014,0.1463,1
4121,10,1.1154,0.02996,0.02251,0.0041,0.1448,1
4131,0,0.2228,0.01415,0.00703,-0.0064,0.4424,0.5119
4131,1,0.2975,0.01462,0.00757,-0.0004,0.4155,0.5592
4131,2,0.3742,0.01535,0.00836,0.0047,0.3901,0.6071
4131,3,0.4504,0.01633,0.00945,0.0092,0.3669,0.6603
4131,4,0.5246,0.01768,0.01089,0.0133,0.3442,0.7109
4131,5,0.5978,0.01933,0.01272,0.0169,0.322,0.7656
4131,6,0.6625,0.02159,0.01515,0.021,0.2991,0.8277
4131,7,0.714,0.02474,0.01844,0.0263,0.2764,0.8949
4131,8,0.7634,0.02886,0.02261,0.0307,0.2518,0.9582
4131,9,0.8395,0.03554,0.02916,0.0251,0.2212,0.9877
4131,10,0.9136,0.0443,0.03781,0.0161,0.1915,0.9993
4211,0,0.4104,0.01054,0.00273,-0.068,0.4956,0.0798
4211,1,0.512,0.011,0.00266,-0.0663,0.3587,0.1603
4211,2,0.6252,0.00975,0.00312,-0.0671,0.3095,1
4211,3,0.7278,0.01052,0.00361,-0.0655,0.2914,1
4211,4,0.831,0.01143,0.00431,-0.0641,0.2799,1
4211,5,0.9358,0.01224,0.00512,-0.0631,0.2717,1
4211,6,1.0387,0.0135,0.00628,-0.062,0.2638,1
4211,7,1.1426,0.01445,0.0074,-0.0612,0.2575,1
4211,8,1.2449,0.01576,0.00878,-0.0603,0.2502,1
4211,9,1.3456,0.01715,0.01046,-0.0594,0.2433,1
4211,10,1.4369,0.01783,0.01136,-0.0569,0.2268,1
4221,0,0.3652,0.01095,0.00423,-0.0538,0.4332,0.5973
4221,1,0.452,0.01128,0.00466,-0.0486,0.3737,0.7264
4221,2,0.5366,0.01195,0.00536,-0.043,0.3285,0.8349
4221,3,0.6167,0.01283,0.00627,-0.036,0.3052,0.9287
4221,5,0.9013,0.01587,0.00887,-0.0506,0.2788,0.9952
4221,6,0.9678,0.01659,0.00958,-0.0438,0.2735,1
4221,7,1.0219,0.01761,0.01052,-0.0345,0.2678,1
4221,8,1.1052,0.01915,0.01197,-0.0311,0.2624,1
4221,9,1.1857,0.02063,0.01355,-0.0278,0.2581,1
4221,10,1.2682,0.02236,0.01532,-0.0253,0.2536,1
4231,0,0.1946,0.01455,0.00737,-0.0167,0.4215,0.536
4231,1,0.2717,0.01526,0.00809,-0.0115,0.3916,0.5729
4231,2,0.3439,0.01641,0.0092,-0.0063,0.3619,0.616
4231,3,0.4165,0.01781,0.01066,-0.0017,0.3352,0.6655
4231,4,0.486,0.01965,0.01253,0.0025,0.3144,0.7156
4231,5,0.5593,0.02157,0.0146,0.0058,0.3003,0.7732
4231,6,0.6319,0.02365,0.0169,0.0091,0.2904,0.8403
4231,7,0.6974,0.02603,0.01938,0.0136,0.2818,0.9127
4231,8,0.7796,0.02882,0.02228,0.0144,0.2764,0.9719
4231,9,0.9067,0.0323,0.02567,0.0049,0.2705,0.991
4231,10,1.0335,0.03534,0.02862,-0.0043,0.2654,1
4311,0,0.4272,0.00743,0.00222,-0.084,0.6149,0.7737
4311,1,0.5521,0.00776,0.00233,-0.0861,0.5253,1
4311,2,0.6537,0.00852,0.0026,-0.0841,0.4658,1
4311,3,0.7586,0.00924,0.00304,-0.0829,0.4316,1
4311,4,0.8642,0.01001,0.00363,-0.0819,0.4088,1
4311,5,0.9703,0.01081,0.00438,-0.0811,0.3904,1
4311,6,1.0758,0.01161,0.00525,-0.0803,0.373,1
4311,7,1.1779,0.01235,0.00605,-0.0789,0.3469,1
4311,8,1.2774,0.01309,0.00693,-0.0773,0.316,1
4311,9,1.3727,0.014,0.00796,-0.075,0.2684,1
4311,10,1.434,0.01732,0.01061,-0.0682,0.1353,1
4321,0,0.3839,0.0108,0.00422,-0.0704,0.4733,0.6214
4321,1,0.4795,0.01099,0.0046,-0.0668,0.443,0.7373
4321,2,0.5746,0.01137,0.00515,-0.0629,0.422,0.8429
4321,3,0.6712,0.01203,0.00589,-0.0591,0.4062,0.9333
4321,4,0.8191,0.01323,0.00693,-0.0666,0.3918,0.9802
4321,5,0.9849,0.0144,0.00788,-0.0788,0.378,0.9956
4321,6,1.0501,0.01481,0.00831,-0.071,0.3686,1
4321,7,1.1106,0.01561,0.009,-0.0619,0.3588,1
4321,8,1.1843,0.0165,0.00995,-0.056,0.3493,1
4321,9,1.2697,0.01779,0.01123,-0.0527,0.3391,1
4321,10,1.3464,0.01916,0.01266,-0.0486,0.3288,1
4331,0,0.2038,0.01477,0.00754,-0.0324,0.4348,0.5185
4331,1,0.2909,0.01535,0.00818,-0.0289,0.4186,0.5671
4331,2,0.3829,0.01612,0.00891,-0.0266,0.4052,0.6107
4331,3,0.4732,0.01687,0.00982,-0.0242,0.3946,0.6589
4331,4,0.5682,0.01776,0.01083,-0.0229,0.385,0.7108
4331,5,0.6559,0.01878,0.01208,-0.0206,0.3766,0.7731
4331,6,0.7484,0.01989,0.01334,-0.0188,0.3683,0.8451
4331,7,0.8205,0.02145,0.01518,-0.0139,0.361,0.9175
4331,8,0.9268,0.02308,0.01669,-0.0151,0.3528,0.9715
4331,9,1.0521,0.02606,0.01979,-0.0238,0.3456,0.9914
4331,10,1.1652,0.02826,0.02187,-0.0295,0.3378,1
4401,0,0.4474,0.00738,0.00102,-0.1039,0.8424,0.0126
4401,1,0.5313,0.00896,0.00118,-0.0992,0.0105,1
4411,0,0.4657,0.00669,0.00224,-0.1022,0.7107,0.9535
4411,1,0.5855,0.0071,0.00221,-0.1038,0.6532,1
4411,2,0.6911,0.00767,0.00242,-0.1024,0.6015,1
4411,3,0.7976,0.00829,0.00281,-0.1013,0.5586,1
4411,4,0.9037,0.00897,0.00334,-0.1002,0.522,1
4411,5,1.0086,0.00966,0.00399,-0.099,0.4838,1
4411,6,1.1096,0.01044,0.00471,-0.0971,0.4327,1
4411,7,1.2064,0.01144,0.00563,-0.0947,0.3666,1
4411,8,1.2847,0.01372,0.00734,-0.0895,0.2341,1
4411,9,1.3348,0.01771,0.01045,-0.0805,0.0866,1
4411,10,1.3762,0.02147,0.01407,-0.0703,0.0475,1
4421,0,0.4365,0.01085,0.00407,-0.0924,0.5574,0.471
4421,1,0.535,0.01068,0.00436,-0.0896,0.5328,0.6416
4421,2,0.6335,0.01077,0.00479,-0.0866,0.5115,0.7796
4421,3,0.7284,0.01112,0.00539,-0.0823,0.4921,0.9056
4421,4,0.8574,0.01195,0.00616,-0.0856,0.4726,0.9784
4421,5,1.0268,0.01293,0.00699,-0.0984,0.452,1
4421,6,1.0625,0.01329,0.0073,-0.084,0.4355,1
4421,7,1.1318,0.01408,0.00804,-0.0765,0.4175,1
4421,8,1.2086,0.01516,0.0091,-0.0711,0.3982,1
4421,9,1.2827,0.01656,0.01048,-0.066,0.3776,1
4421,10,1.3506,0.01847,0.01236,-0.0606,0.3556,1
4431,0,0.2892,0.01484,0.00717,-0.0602,0.4998,0.387
4431,1,0.3715,0.01496,0.00755,-0.0557,0.4865,0.4413
4431,2,0.4622,0.01526,0.00811,-0.0529,0.473,0.5188
4431,3,0.5585,0.01576,0.00872,-0.0512,0.459,0.5931
4431,4,0.6401,0.01647,0.00975,-0.0473,0.4471,0.6598
4431,5,0.7293,0.01736,0.01084,-0.0448,0.4347,0.728
4431,6,0.8122,0.01841,0.0121,-0.0415,0.4222,0.8047
4431,7,0.8797,0.01991,0.01396,-0.0357,0.4102,0.8963
4431,8,0.9677,0.02192,0.01603,-0.0343,0.3978,0.9743
4431,9,1.1121,0.02466,0.01865,-0.0456,0.3838,0.9991
4431,10,1.1282,0.02701,0.02104,-0.0345,0.3721,1
